Project,CVE,File,Function,Patch commit,Ex-patch commit,Dataset Type,Bug start,Bug end,Patch start,Patch end
openssl,CVE-2018-0732,crypto/dh/dh_key.c,generate_key,https://github.com/openssl/openssl/commit/ea7abeeabf92b7aca160bdd0208636d4da69f4f4,https://github.com/openssl/openssl/commit/9a236d5a7158d38b933656cacc31dfd4ff4fcc08,D,1.1.0,1.1.0h,1.1.0i,1.1.0l
openssl,CVE-2018-0737,crypto/rsa/rsa_gen.c,rsa_builtin_keygen,https://github.com/openssl/openssl/commit/349a41da1ad88ad87825414752a8ff5fdd6a6c3f,https://github.com/openssl/openssl/commit/d1a64149b061172d120559aea289498ec680b497,D,1.0.2,1.0.2o,1.0.2p,1.0.2u
openssl,CVE-2019-1543,crypto/evp/e_chacha20_poly1305.c,chacha20_poly1305_ctrl,https://github.com/openssl/openssl/commit/2a3d0ee9d59156c48973592331404471aca886d6,https://github.com/openssl/openssl/commit/18e1e302452e6dea4500b6f981cee7e151294dea,C,1.1.1,1.1.1b,1.1.1c,1.1.1w
openssl,CVE-2020-1971,crypto/x509/v3_genn.c,GENERAL_NAME_cmp,https://github.com/openssl/openssl/commit/b33c48b75aaf33c93aeda42d7138616b9e6a64cb,https://github.com/openssl/openssl/commit/198b11683568452282bd48828fcf60d4835bf327,C,1.1.1,1.1.1h,1.1.1i,1.1.1w
openssl,CVE-2022-0778,crypto/bn/bn_sqrt.c,BN_mod_sqrt,https://github.com/openssl/openssl/commit/3118eb64934499d93db3230748a452351d1d9a65,https://github.com/openssl/openssl/commit/84a9f7e0eae81245da28d552d40e197d579f3a9b,C,1.1.1,1.1.1m,1.1.1n,1.1.1w
lou_trace,CVE-2018-11577,liblouis/compileTranslationTable.c,compilePassOpcode,https://github.com/liblouis/liblouis/commit/7e135b9313ad06218dfcf9ed63070edede7745a1,https://github.com/liblouis/liblouis/commit/4417bad83df4481ed58419b28c5c91b9649e2a86,D,v3.3.0,v3.5.0,v3.6.0,v3.37.0
lou_trace,CVE-2022-26981,liblouis/compileTranslationTable.c,compilePassOpcode,https://github.com/liblouis/liblouis/commit/73751be7a5617bfff4a735ae095203a2d3ec50ef,https://github.com/liblouis/liblouis/commit/5f84b4284964af0ec5f6c7c3d7c2850f5f2de06a,D,v3.3.0,v3.21.0,v3.22.0,v3.37.0
lou_trace,CVE-2023-26769,liblouis/compileTranslationTable.c,resolveSubtable,https://github.com/liblouis/liblouis/commit/b2e2995d1600e1d3b2131d4a2c5a57927d795608,https://github.com/liblouis/liblouis/commit/21a2ee76d5de1ab3ce789ef18106343c8e65a175,D,v3.3.0,v3.24.0,v3.25.0,v3.37.0
libtiff,CVE-2018-17000,libtiff/tif_dirwrite.c,TIFFWriteDirectoryTagTransferfunction,https://gitlab.com/libtiff/libtiff/-/commit/802d3cbf3043be5dce5317e140ccb1c17a6a2d39,https://gitlab.com/libtiff/libtiff/-/commit/a0e273fdca741b8805e19deeb8019fa42c4e64ba,D,v4.0.8,v4.0.10,v4.1.0,v4.7.0
libxml2,CVE-2017-9047,valid.c,xmlDumpElementContent,https://gitlab.gnome.org/GNOME/libxml2/-/commit/94691dc884d1a8ada39f073408b4bb92fe7fe882,https://gitlab.gnome.org/GNOME/libxml2/-/commit/362b32293487ece0dc76b9df29c59e25c0712432,D,v2.9.0,v2.9.4,v2.9.5,v2.9.14
libxml2,CVE-2016-3705,parser.c,xmlParserEntityCheck,https://gitlab.gnome.org/GNOME/libxml2/-/commit/8f30bdff69edac9075f4663ce3b56b0c52d48ce6,https://gitlab.gnome.org/GNOME/libxml2/-/commit/846cf015a77b9bca7b90c17c1f608ece3e268dad,D,v2.9.0,v2.9.3,v2.9.4,v2.9.14
lou_checktable,CVE-2018-11410,liblouis/pattern.c,pattern_compile_expression,https://github.com/liblouis/liblouis/commit/ed6b00aea08005945c9ae8a4a4503acc43f3a844,https://github.com/liblouis/liblouis/commit/b1f1d08a8c59fc5466f11be16b17465c0b0a64f3,D,v3.3.0,v3.5.0,v3.6.0,v3.37.0
lou_checktable,CVE-2018-11440,liblouis/compileTranslationTable.c,parseChars,https://github.com/liblouis/liblouis/commit/4417bad83df4481ed58419b28c5c91b9649e2a86,https://github.com/liblouis/liblouis/commit/53b839f83ca7ee3c8fcda590c1deae62d701130c,D,v3.3.0,v3.5.0,v3.6.0,v3.37.0
lou_checktable,CVE-2018-11683,liblouis/compileTranslationTable.c,parseChars,https://github.com/liblouis/liblouis/commit/e7eee2b7926668360a0d8e2abee6c35a00ebce3c,https://github.com/liblouis/liblouis/commit/214c7bc98433d76e9d1ca8925ae12a7695408b1c,D,v3.3.0,v3.5.0,v3.6.0,v3.37.0
lou_checktable,CVE-2018-11685,liblouis/compileTranslationTable.c,compileHyphenation,https://github.com/liblouis/liblouis/commit/b5049cb17ae3d15b2b26890de0e24d0fecc080f5,https://github.com/liblouis/liblouis/commit/1e898de5c53e7fa7394994e067e1b00932a771da,D,v3.3.0,v3.5.0,v3.6.0,v3.37.0
lou_translate,CVE-2018-12085,liblouis/compileTranslationTable.c,parseChars,https://github.com/liblouis/liblouis/commit/dbfa58bb128cae86729578ac596056b3385817ef,https://github.com/liblouis/liblouis/commit/575dae3af65a3102a2f478d64cf3e9c6611bc7f5,D,v3.3.0,v3.6.0,v3.7.0,v3.37.0
lou_translate,CVE-2018-17294,liblouis/lou_translateString.c,matchCurrentInput,https://github.com/liblouis/liblouis/commit/5e4089659bb49b3095fa541fa6387b4c40d7396e,https://github.com/liblouis/liblouis/commit/dd7b2fef9c20bcfb5650d0037e6f3b489a79788f,D,v3.3.0,v3.6.0,v3.7.0,v3.37.0
lou_trace,CVE-2022-31783,liblouis/compileTranslationTable.c,compileRule,https://github.com/liblouis/liblouis/commit/2e4772befb2b1c37cb4b9d6572945115ee28630a,https://github.com/liblouis/liblouis/commit/a40c1290ff7b2426b935c6246d189dcde2d51e30,D,v3.3.0,v3.21.0,v3.22.0,v3.37.0
pcf2bdf,CVE-2022-23319,pcf2bdf.cc,main,https://github.com/ganaware/pcf2bdf/commit/3555aab4f3cfbec199141122177750a4351b8e79,https://github.com/ganaware/pcf2bdf/commit/50ce60d5f3776b53977df37b9653625e8309463c,D,1.05,1.06,1.07,
pcf2bdf,CVE-2022-23318,pcf2bdf.cc,main,https://github.com/ganaware/pcf2bdf/commit/aaf16808e4bb8d96eeab5f684df6550912a9e694,https://github.com/ganaware/pcf2bdf/commit/3555aab4f3cfbec199141122177750a4351b8e79,D,1.05,1.06,1.07,
dwg2dxf,CVE-2023-36274,src/decode.c,decode_preR13_auxheader,https://github.com/LibreDWG/libredwg/commit/8651fa27dd2de731e706e2ba09f0d28e4e0dce33,https://github.com/LibreDWG/libredwg/commit/1b06579d21aa0c261cdde7329031a072b11de9f3,D,0.5,0.12.5,0.13,0.13.4
dwg2dxf,CVE-2020-15807,src/in_dxf.c,new_object,https://github.com/LibreDWG/libredwg/commit/acaecee4d83faa58cc896358987d8ac335546e50,https://github.com/LibreDWG/libredwg/commit/f955c0b8fde285a038befcd173bfb86a636890fc,D,0.5,0.10.1,,
openssl,CVE-2015-0207,ssl/d1_lib.c,dtls1_listen,https://github.com/openssl/openssl/commit/819418110b6fff4a7b96f01a5d68f71df3e3b736,https://github.com/openssl/openssl/commit/77c77f0a1b9f15b869ca3342186dfbedd1119d0e,,1.0.2,1.0.2,1.0.2a,1.0.2u
openssl,CVE-2015-0208,crypto/rsa/rsa_ameth.c,rsa_item_verify,https://github.com/openssl/openssl/commit/4b22cce3812052fe64fc3f6d58d8cc884e3cb834,https://github.com/openssl/openssl/commit/b717b083073b6cacc0a5e2397b661678aff7ae7f,,1.0.2,1.0.2,1.0.2a,1.0.2u
openssl,CVE-2015-0286,crypto/asn1/a_type.c,ASN1_TYPE_cmp,https://github.com/openssl/openssl/commit/c3c7fb07dc975dc3c9de0eddb7d8fd79fc9c67c1,https://github.com/openssl/openssl/commit/b19d8143212ae5fbc9cebfd51c01f802fabccd33,,1.0.2,1.0.2,1.0.2a,1.0.2u
openssl,CVE-2015-0287,crypto/asn1/tasn_dec.c,ASN1_item_ex_d2i,https://github.com/openssl/openssl/commit/b717b083073b6cacc0a5e2397b661678aff7ae7f,https://github.com/openssl/openssl/commit/819418110b6fff4a7b96f01a5d68f71df3e3b736,,1.0.2,1.0.2,1.0.2a,1.0.2u
openssl,CVE-2015-0290,ssl/s3_pkt.c,ssl3_write_bytes,https://github.com/openssl/openssl/commit/77c77f0a1b9f15b869ca3342186dfbedd1119d0e,https://github.com/openssl/openssl/commit/8b84495380098592ef7bb2fa9209ccb87803bf1d,,1.0.2,1.0.2,1.0.2a,1.0.2u
openssl,CVE-2015-1787,ssl/s3_srvr.c,ssl3_get_client_key_exchange,https://github.com/openssl/openssl/commit/b19d8143212ae5fbc9cebfd51c01f802fabccd33,https://github.com/openssl/openssl/commit/4b22cce3812052fe64fc3f6d58d8cc884e3cb834,,1.0.2,1.0.2,1.0.2a,1.0.2u
openssl,CVE-2015-1793,crypto/x509/x509_vfy.c,X509_verify_cert,https://github.com/openssl/openssl/commit/2aacec8f4a5ba1b365620a7b17fcce311ada93ad,https://github.com/openssl/openssl/commit/9cf315ef90d0cfeb8bb7a38873eea07a8f0dffec,,1.0.1n,1.0.1o,1.0.1p,1.0.1u
openssl,CVE-2016-7054,crypto/evp/e_chacha20_poly1305.c,,https://github.com/openssl/openssl/commit/99d97842ddb5fbbbfb5e9820a64ebd19afe569f6,https://github.com/openssl/openssl/commit/53c6cbf6e9a6e4fe2433a89bf3c970355dd1e29a,,1.1.0,1.1.0b,1.1.0c,1.1.0l
libtiff,CVE-2019-6128,tools/pal2rgb.c,main,https://gitlab.com/libtiff/libtiff/-/commit/0c74a9f49b8d7a36b17b54a7428b3526d20f88a8,https://gitlab.com/libtiff/libtiff/-/commit/a0e273fdca741b8805e19deeb8019fa42c4e64ba,D,v4.0.0,v4.0.10,v4.1.0,v4.7.1
libxml2,CVE-2015-8242,HTMLparser.c,htmlParseTryOrFinish,https://gitlab.gnome.org/GNOME/libxml2/-/commit/8fb4a770075628d6441fb17a1e435100e2f3b1a2,https://gitlab.gnome.org/GNOME/libxml2/-/commit/f1063fdbe7fa66332bbb76874101c2a7b51b519f,D,v2.9.0,v2.9.2,v2.9.4,v2.9.14
exiv2,CVE-2018-17229,src/tiffimage.cpp,TiffImage::readMetadata(),https://github.com/Exiv2/exiv2/commit/afb98cbc6e288dc8ea75f3394a347fb9b37abc55,https://github.com/Exiv2/exiv2/commit/8ff26931e31bb25d66c69846f47f3f5b6d9a32f1,D,,,v0.27.0,v0.27.7
openssl,CVE-2016-2105,crypto/evp/encode.c,EVP_EncodeUpdate,https://github.com/openssl/openssl/commit/5b814481f3573fa9677f3a31ee51322e2a22ee6a,https://github.com/openssl/openssl/commit/2919516136a4227d9e6d8f2fe66ef976aaf8c561,,1.0.1,1.0.1s,1.0.1t,1.0.1u
openssl,CVE-2016-2176,crypto/x509/x509_obj.c,*X509_NAME_oneline,https://github.com/openssl/openssl/commit/2919516136a4227d9e6d8f2fe66ef976aaf8c561,https://github.com/openssl/openssl/commit/56ea22458f3f5f1d0148b0a97957de4d56f3d328,,1.0.1,1.0.1s,1.0.1t,1.0.1u
openssl,CVE-2016-6302,ssl/t1_lib.c,tls_decrypt_ticket,https://github.com/openssl/openssl/commit/baaabfd8fdcec04a691695fad9a664bea43202b6,https://github.com/openssl/openssl/commit/3cb28d188803c7768f767f0da40bbea61449521c,,1.0.2,1.0.2h,1.0.2i,1.0.2u
openssl,CVE-2016-6303,crypto/mdc2/mdc2dgst.c,MDC2_Update,https://github.com/openssl/openssl/commit/1027ad4f34c30b8585592764b9a670ba36888269,https://github.com/openssl/openssl/commit/0fff5065884d5ac61123a604bbcee30a53c808ff,,1.0.2,1.0.2h,1.0.2i,1.0.2u
FFmpeg,CVE-2018-7751,libavformat/img2dec.c,svg_probe,https://github.com/FFmpeg/FFmpeg/commit/a6cba062051f345e8ebfdff34aba071ed73d923f,https://github.com/FFmpeg/FFmpeg/commit/f655ddfb47e8484b205b14c7f871c643ad24d701,D,,,n4.1,n4.1.9
tcpdump,CVE-2017-11108,print-stp.c,stp_print_mstp_bpdu,https://github.com/the-tcpdump-group/tcpdump/commit/60c708bb,https://github.com/the-tcpdump-group/tcpdump/commit/ec906afd0a3516b94c6e510f68e7525fd4e12b74,,4.9.0,4.9.0,4.9.1,4.9.3
tcpdump,CVE-2017-11542,print-pim.c,pimv1_print,https://github.com/the-tcpdump-group/tcpdump/commit/0d2332ab1e71c2e6f1d8d177928f373afc39503b,https://github.com/the-tcpdump-group/tcpdump/commit/69780849d23b6b49fe86b71399617c44245a603f,,4.9.0,4.9.1,4.9.2,4.9.3
tcpdump,CVE-2017-11543,print-sl.c,sliplink_print,https://github.com/the-tcpdump-group/tcpdump/commit/378ac56f8055cadda55735b2a786db844d521d24,https://github.com/the-tcpdump-group/tcpdump/commit/09b1185295cd53891c4b68b30815474b29e83f50,,4.9.0,4.9.1,4.9.2,4.9.3
tcpdump,CVE-2017-12893,smbutil.c,name_len,https://github.com/the-tcpdump-group/tcpdump/commit/515bf64ec3a061cf2016c26d84813cc5b3afde7a,https://github.com/the-tcpdump-group/tcpdump/commit/e9afd36b99053be900f180e7e85c81ecd1ccf0b6,,4.9.0,4.9.1,4.9.2,4.9.3
tcpdump,CVE-2017-12895,print-icmp.c,icmp_print,https://github.com/the-tcpdump-group/tcpdump/commit/a3319d5788a771370d1c55d0b0ab62dbed782a09,https://github.com/the-tcpdump-group/tcpdump/commit/980bc2483352ba6fa6ff37c335888009c166ce21,,4.9.0,4.9.1,4.9.2,4.9.3
tcpdump,CVE-2017-12896,print-isakmp.c,isakmp_rfc3948_print,https://github.com/the-tcpdump-group/tcpdump/commit/014a703fcba8fe83c57125076a3b4f23043c80f6,https://github.com/the-tcpdump-group/tcpdump/commit/ebb51ef0e725737ca8c1d618da6527a58660d2bf,,4.9.0,4.9.1,4.9.2,4.9.3
tcpdump,CVE-2017-12901,print-eigrp.c,eigrp_print,https://github.com/the-tcpdump-group/tcpdump/commit/0d37052bbfd82c6e4baa33c9808edb89a9d4b646,https://github.com/the-tcpdump-group/tcpdump/commit/c8f1f24b6b2e8e0c0cdd6165cdfe561582d41ee3,,4.9.0,4.9.1,4.9.2,4.9.3
tcpdump,CVE-2017-12985,print-ip6.c,ip6_print,https://github.com/the-tcpdump-group/tcpdump/commit/67abbfb5c79407a68d845ee14a038ed7d69e1ad1,https://github.com/the-tcpdump-group/tcpdump/commit/64e09de79ae6433c5fd40ed5b5a020cd46e33e86,,4.9.0,4.9.1,4.9.2,4.9.3
tcpdump,CVE-2017-12987,print-802_11.c,parse_elements,https://github.com/the-tcpdump-group/tcpdump/commit/3b37a65db5e9f44d0b6b3aff31e6c34795bbecd6,https://github.com/the-tcpdump-group/tcpdump/commit/fd914592898f843f2600f49ad0556560807b5ef7,,4.9.0,4.9.1,4.9.2,4.9.3
tcpdump,CVE-2017-12988,print-telnet.c,telnet_parse,https://github.com/the-tcpdump-group/tcpdump/commit/7037592e06bb1e86ffa0c0ca05dfb5dcd69e3806,https://github.com/the-tcpdump-group/tcpdump/commit/8bacee1c8e56ff92253366edd22f95b6e2c5e055,,4.9.0,4.9.1,4.9.2,4.9.3
tcpdump,CVE-2017-12989,print-resp.c,resp_get_length,https://github.com/the-tcpdump-group/tcpdump/commit/527e63d35882e162bce652afc9f692ff5f4529c1,https://github.com/the-tcpdump-group/tcpdump/commit/382288cd4f10391771b08d0731c948966e185585,,4.9.0,4.9.1,4.9.2,4.9.3
tcpdump,CVE-2017-12991,print-bgp.c,bgp_attr_print,https://github.com/the-tcpdump-group/tcpdump/commit/ba44b757d017e06d01df36c0def8c7ec34490036,https://github.com/the-tcpdump-group/tcpdump/commit/3b37a65db5e9f44d0b6b3aff31e6c34795bbecd6,,4.9.0,4.9.1,4.9.2,4.9.3
tcpdump,CVE-2017-12992,print-ripng.c,ripng_print,https://github.com/the-tcpdump-group/tcpdump/commit/490f2e6030f75b00f2acf3a3757a2994e2ecef3d,https://github.com/the-tcpdump-group/tcpdump/commit/527e63d35882e162bce652afc9f692ff5f4529c1,,4.9.0,4.9.1,4.9.2,4.9.3
tcpdump,CVE-2017-12994,print-bgp.c,bgp_attr_print,https://github.com/the-tcpdump-group/tcpdump/commit/05fcc56cb3ae78a15040d550f62918154009e14c,https://github.com/the-tcpdump-group/tcpdump/commit/7318b2369b59ee497a6f5f1b236a2133851a2912,,4.9.0,4.9.1,4.9.2,4.9.3
tcpdump,CVE-2017-12995,print-domain.c,ns_nprint,https://github.com/the-tcpdump-group/tcpdump/commit/d609d7c6ae2505ea3337b2e00cb18e1f551dfbf2,https://github.com/the-tcpdump-group/tcpdump/commit/8dbb9d16e50e03141732e8bc75f3ec88ae5df5b1,,4.9.0,4.9.1,4.9.2,4.9.3
tcpdump,CVE-2017-12996,print-pim.c,pimv2_print,https://github.com/the-tcpdump-group/tcpdump/commit/e4c2af0efb8464fdf25d8066b9944d5a9eb285cd,https://github.com/the-tcpdump-group/tcpdump/commit/15af5b613ee8b262cdc5903a5f5fbb7d5b882c78,,4.9.0,4.9.1,4.9.2,4.9.3
tcpdump,CVE-2017-12997,print-lldp.c,lldp_private_8021_print,https://github.com/the-tcpdump-group/tcpdump/commit/15af5b613ee8b262cdc5903a5f5fbb7d5b882c78,https://github.com/the-tcpdump-group/tcpdump/commit/7f6cf99e133ce44c4857cf37be67dc7c25535f82,,4.9.0,4.9.1,4.9.2,4.9.3
tcpdump,CVE-2017-12998,print-isoclns.c,isis_print_extd_ip_reach,https://github.com/the-tcpdump-group/tcpdump/commit/7f6cf99e133ce44c4857cf37be67dc7c25535f82,https://github.com/the-tcpdump-group/tcpdump/commit/d5984666ed3668a6da1754ccfd30c8f668231722,,4.9.0,4.9.1,4.9.2,4.9.3
tcpdump,CVE-2017-12999,print-isoclns.c,isis_print,https://github.com/the-tcpdump-group/tcpdump/commit/d5984666ed3668a6da1754ccfd30c8f668231722,https://github.com/the-tcpdump-group/tcpdump/commit/c1c8f9a9bb5aebb8a5d746e1c6e7a3536bc4d2b1,,4.9.0,4.9.1,4.9.2,4.9.3
tcpdump,CVE-2017-13000,print-802_15_4.c,ieee802_15_4_if_print,https://github.com/the-tcpdump-group/tcpdump/commit/41df3b219070d05aac0eea0bbc8f48ff72dddff5,https://github.com/the-tcpdump-group/tcpdump/commit/1ffd7948358ad5024e4f2a4e5ce19e475136ba78,,4.9.0,4.9.1,4.9.2,4.9.3
tcpdump,CVE-2017-13001,print-nfs.c,nfs_printfh,https://github.com/the-tcpdump-group/tcpdump/commit/090254b2d83f44110bccd3a9939aeae5ae2301bf,https://github.com/the-tcpdump-group/tcpdump/commit/41df3b219070d05aac0eea0bbc8f48ff72dddff5,,4.9.0,4.9.1,4.9.2,4.9.3
tcpdump,CVE-2017-13002,print-aodv.c,aodv_extension,https://github.com/the-tcpdump-group/tcpdump/commit/b1219de4d06c672fde86c873b0228032e6f4ade0,https://github.com/the-tcpdump-group/tcpdump/commit/090254b2d83f44110bccd3a9939aeae5ae2301bf,,4.9.0,4.9.1,4.9.2,4.9.3
tcpdump,CVE-2017-13004,print-juniper.c,juniper_parse_header,https://github.com/the-tcpdump-group/tcpdump/commit/a78485783d96aa0e49a737e8b0f45ab0a859c074,https://github.com/the-tcpdump-group/tcpdump/commit/4d764e7052844fa73fbe500e11b24eb62bd43512,,4.9.0,4.9.1,4.9.2,4.9.3
tcpdump,CVE-2017-13005,print-nfs.c,xid_map_enter,https://github.com/the-tcpdump-group/tcpdump/commit/85350ac393d4f99f6ea4d19707552878ed74db0a,https://github.com/the-tcpdump-group/tcpdump/commit/b48db33f82028ad4a8593b26d2d3cb2d5489c5eb,,4.9.0,4.9.1,4.9.2,4.9.3
tcpdump,CVE-2017-13007,print-pktap.c,pktap_if_print,https://github.com/the-tcpdump-group/tcpdump/commit/2428ac8d0c50c8a586dbc1ed2159b1d12a7820e5,https://github.com/the-tcpdump-group/tcpdump/commit/a9507aca19720bd129f05eee2b410a6605473734,,4.9.0,4.9.1,4.9.2,4.9.3
tcpdump,CVE-2017-13008,print-802_11.c,parse_elements,https://github.com/the-tcpdump-group/tcpdump/commit/b620c7b995f38ee6128068dc6df1b2f62fbf761f,https://github.com/the-tcpdump-group/tcpdump/commit/2428ac8d0c50c8a586dbc1ed2159b1d12a7820e5,,4.9.0,4.9.1,4.9.2,4.9.3
tcpdump,CVE-2017-13009,print-mobility.c,mobility_print,https://github.com/the-tcpdump-group/tcpdump/commit/38493fc91b7fccb75149d0961edbd403de4bbc53,https://github.com/the-tcpdump-group/tcpdump/commit/b620c7b995f38ee6128068dc6df1b2f62fbf761f,,4.9.0,4.9.1,4.9.2,4.9.3
tcpdump,CVE-2017-13011,util-print.c,bittok2str_internal,https://github.com/the-tcpdump-group/tcpdump/commit/a2200990356bf273594d0f0a066ffc6911e7e0ca,https://github.com/the-tcpdump-group/tcpdump/commit/0bd9541d15072cd3c8a5dc35b0e1b404f60bd9a6,,4.9.0,4.9.1,4.9.2,4.9.3
tcpdump,CVE-2017-13012,print-icmp.c,icmp_print,https://github.com/the-tcpdump-group/tcpdump/commit/407aaf69199dac107eae9274ed2abe07f922a2fc,https://github.com/the-tcpdump-group/tcpdump/commit/a2200990356bf273594d0f0a066ffc6911e7e0ca,,4.9.0,4.9.1,4.9.2,4.9.3
tcpdump,CVE-2017-13015,print-eap.c,eap_print,https://github.com/the-tcpdump-group/tcpdump/commit/acfaf25345a2f77707953ee7d3bb0abbdde3b64e,https://github.com/the-tcpdump-group/tcpdump/commit/98da6bf197ae348e9a96486dd38d35b62a4509eb,,4.9.0,4.9.1,4.9.2,4.9.3
tcpdump,CVE-2017-13016,print-isoclns.c,esis_print,https://github.com/the-tcpdump-group/tcpdump/commit/2bba46eaae87cc1711e2a3f291bcc7f53e44a7c1,https://github.com/the-tcpdump-group/tcpdump/commit/acfaf25345a2f77707953ee7d3bb0abbdde3b64e,,4.9.0,4.9.1,4.9.2,4.9.3
tcpdump,CVE-2017-13017,print-dhcp6.c,dhcp6opt_print,https://github.com/the-tcpdump-group/tcpdump/commit/63c065b6e1198fdbe33786849069a7dcd0cd6ab9,https://github.com/the-tcpdump-group/tcpdump/commit/2bba46eaae87cc1711e2a3f291bcc7f53e44a7c1,,4.9.0,4.9.1,4.9.2,4.9.3
tcpdump,CVE-2017-13018,print-pgm.c,pgm_print,https://github.com/the-tcpdump-group/tcpdump/commit/ec7b673475be62ba50bf7c8adf956ec04ca07ec5,https://github.com/the-tcpdump-group/tcpdump/commit/63c065b6e1198fdbe33786849069a7dcd0cd6ab9,,4.9.0,4.9.1,4.9.2,4.9.3
tcpdump,CVE-2017-13019,print-pgm.c,pgm_print,https://github.com/the-tcpdump-group/tcpdump/commit/d1d4404ddb982f94f39876852cfc53a97a105b35,https://github.com/the-tcpdump-group/tcpdump/commit/ec7b673475be62ba50bf7c8adf956ec04ca07ec5,,4.9.0,4.9.1,4.9.2,4.9.3
tcpdump,CVE-2017-13020,print-vtp.c,vtp_print,https://github.com/the-tcpdump-group/tcpdump/commit/d71bc478086e0886e2b50baf7f1ae87a32abbc4f,https://github.com/the-tcpdump-group/tcpdump/commit/d1d4404ddb982f94f39876852cfc53a97a105b35,,4.9.0,4.9.1,4.9.2,4.9.3
tcpdump,CVE-2017-13021,print-icmp6.c,icmp6_print,https://github.com/the-tcpdump-group/tcpdump/commit/9b951de519d6ba076833584b0c0c606044b60f91,https://github.com/the-tcpdump-group/tcpdump/commit/d71bc478086e0886e2b50baf7f1ae87a32abbc4f,,4.9.0,4.9.1,4.9.2,4.9.3
tcpdump,CVE-2017-13023,print-mobility.c,mobility_opt_print,https://github.com/the-tcpdump-group/tcpdump/commit/e2a28a23cfa24aaa04b997af9e646f84b7b62b0c,https://github.com/the-tcpdump-group/tcpdump/commit/d1abf3211b7f4251c62c893b28300595eba1f974,,4.9.0,4.9.1,4.9.2,4.9.3
tcpdump,CVE-2017-13024,print-mobility.c,mobility_opt_print,https://github.com/the-tcpdump-group/tcpdump/commit/be4c2d850e194e014339b82deb85e7f83d8f1bd5,https://github.com/the-tcpdump-group/tcpdump/commit/e2a28a23cfa24aaa04b997af9e646f84b7b62b0c,,4.9.0,4.9.1,4.9.2,4.9.3
tcpdump,CVE-2017-13025,print-mobility.c,mobility_opt_print,https://github.com/the-tcpdump-group/tcpdump/commit/7914ead4a5d3c2f234c50767e6bfd68aa1cf9fe9,https://github.com/the-tcpdump-group/tcpdump/commit/be4c2d850e194e014339b82deb85e7f83d8f1bd5,,4.9.0,4.9.1,4.9.2,4.9.3
tcpdump,CVE-2017-13027,print-lldp.c,lldp_mgmt_addr_tlv_print,https://github.com/the-tcpdump-group/tcpdump/commit/8b4f9a0192963ce540d15d0d2a9ef78601a68a58,https://github.com/the-tcpdump-group/tcpdump/commit/9ffdbd32e8ad9f8c79f311d9240ed4779091dbc8,,4.9.0,4.9.1,4.9.2,4.9.3
tcpdump,CVE-2017-13028,print-bootp.c,bootp_print,https://github.com/the-tcpdump-group/tcpdump/commit/a4a99cec345ed92c8ca73a7bf129686f76afde2f,https://github.com/the-tcpdump-group/tcpdump/commit/8b4f9a0192963ce540d15d0d2a9ef78601a68a58,,4.9.0,4.9.1,4.9.2,4.9.3
tcpdump,CVE-2017-13031,print-frag6.c,frag6_print,https://github.com/the-tcpdump-group/tcpdump/commit/f70d3198b3ed1e7cdb5c7c08c100a63d42f09baa,https://github.com/the-tcpdump-group/tcpdump/commit/9ce9f78f9953041e4af5681a3c25150820febf01,,4.9.0,4.9.1,4.9.2,4.9.3
tcpdump,CVE-2017-13032,print-radius.c,print_attr_string,https://github.com/the-tcpdump-group/tcpdump/commit/027433c0d862c3699635944f4240628ba44d8341,https://github.com/the-tcpdump-group/tcpdump/commit/5f7a5aabca2a890e5f6a1ba7941e796ba17eb12b,,4.9.0,4.9.1,4.9.2,4.9.3
tcpdump,CVE-2017-13033,print-vtp.c,vtp_print,https://github.com/the-tcpdump-group/tcpdump/commit/11a07ed27ba5122c8cbd34e8c15bcf0b4969889d,https://github.com/the-tcpdump-group/tcpdump/commit/3a5719e3564ecabd95e03f45320834eccb9fe001,,4.9.0,4.9.1,4.9.2,4.9.3
tcpdump,CVE-2017-13034,print-pgm.c,pgm_print,https://github.com/the-tcpdump-group/tcpdump/commit/45d9c5bb7d7e8d88b9fce2e81c99154fb6e85f1a,https://github.com/the-tcpdump-group/tcpdump/commit/eb8247374b6f36d1e3bea76debfa63404a8c08d2,,4.9.0,4.9.1,4.9.2,4.9.3
tcpdump,CVE-2017-13035,print-isoclns.c,isis_print_id,https://github.com/the-tcpdump-group/tcpdump/commit/18fb255653bfba3353eba6b4581bca94074decd4,https://github.com/the-tcpdump-group/tcpdump/commit/45d9c5bb7d7e8d88b9fce2e81c99154fb6e85f1a,,4.9.0,4.9.1,4.9.2,4.9.3
tcpdump,CVE-2017-13036,print-ospf6.c,ospf6_decode_v3,https://github.com/the-tcpdump-group/tcpdump/commit/71d9d09c7ce0b7e5474d13036e7bf8131998b98d,https://github.com/the-tcpdump-group/tcpdump/commit/18fb255653bfba3353eba6b4581bca94074decd4,,4.9.0,4.9.1,4.9.2,4.9.3
tcpdump,CVE-2017-13038,print-ppp.c,handle_mlppp,https://github.com/the-tcpdump-group/tcpdump/commit/3f069d0e2ef3e39b7ae11503fb6286635ee07353,https://github.com/the-tcpdump-group/tcpdump/commit/01eeeb4b5f74b2dffff43d96411c42d6223f1b44,,4.9.0,4.9.1,4.9.2,4.9.3
tcpdump,CVE-2017-13041,print-icmp6.c,icmp6_nodeinfo_print,https://github.com/the-tcpdump-group/tcpdump/commit/0e7380066584de6b9c7771e162233e1baeebe5e4,https://github.com/the-tcpdump-group/tcpdump/commit/2d02497b02b040bd885825dba9230f86a8ffce0e,,4.9.0,4.9.1,4.9.2,4.9.3
tcpdump,CVE-2017-13042,print-hncp.c,dhcpv6_print,https://github.com/the-tcpdump-group/tcpdump/commit/72ca42c7f3e691bbf29dcd1449c95c0744e7287b,https://github.com/the-tcpdump-group/tcpdump/commit/0e7380066584de6b9c7771e162233e1baeebe5e4,,4.9.0,4.9.1,4.9.2,4.9.3
tcpdump,CVE-2017-13043,print-bgp.c,decode_multicast_vpn,https://github.com/the-tcpdump-group/tcpdump/commit/89dd93b636d479d82dd15115d6ddf7dfdebd735a,https://github.com/the-tcpdump-group/tcpdump/commit/75635529a8b4a6a29abda47b13ef7dfb2c18a3f3,,4.9.0,4.9.1,4.9.2,4.9.3
tcpdump,CVE-2017-13044,print-hncp.c,dhcpv4_print,https://github.com/the-tcpdump-group/tcpdump/commit/e4c292e06b33fed8520bd04b65ed45450b8485c6,https://github.com/the-tcpdump-group/tcpdump/commit/72ca42c7f3e691bbf29dcd1449c95c0744e7287b,,4.9.0,4.9.1,4.9.2,4.9.3
tcpdump,CVE-2017-13045,print-vqp.c,vqp_print,https://github.com/the-tcpdump-group/tcpdump/commit/3d6e7bd1e42a7316fb2020348a8d3e86b1346b36,https://github.com/the-tcpdump-group/tcpdump/commit/e4c292e06b33fed8520bd04b65ed45450b8485c6,,4.9.0,4.9.1,4.9.2,4.9.3
tcpdump,CVE-2017-13046,print-bgp.c,bgp_attr_print,https://github.com/the-tcpdump-group/tcpdump/commit/75635529a8b4a6a29abda47b13ef7dfb2c18a3f3,https://github.com/the-tcpdump-group/tcpdump/commit/3d6e7bd1e42a7316fb2020348a8d3e86b1346b36,,4.9.0,4.9.1,4.9.2,4.9.3
tcpdump,CVE-2017-13047,print-isoclns.c,esis_print,https://github.com/the-tcpdump-group/tcpdump/commit/f18bb41c8e95477268467a48cd606c472873ddfc,https://github.com/the-tcpdump-group/tcpdump/commit/05ebfefdb19ee4514060311289c12b459841b68a,,4.9.0,4.9.1,4.9.2,4.9.3
tcpdump,CVE-2017-13048,print-rsvp.c,rsvp_obj_print,https://github.com/the-tcpdump-group/tcpdump/commit/05ebfefdb19ee4514060311289c12b459841b68a,https://github.com/the-tcpdump-group/tcpdump/commit/57c9319140d9a1b934cb939000015232fa7fa2fe,,4.9.0,4.9.1,4.9.2,4.9.3
tcpdump,CVE-2017-13049,print-rx.c,ubik_print,https://github.com/the-tcpdump-group/tcpdump/commit/f9812af2e4111c12a62355ea3dfdfa58f1cab6a9,https://github.com/the-tcpdump-group/tcpdump/commit/89dd93b636d479d82dd15115d6ddf7dfdebd735a,,4.9.0,4.9.1,4.9.2,4.9.3
tcpdump,CVE-2017-13050,print-rpki-rtr.c,rpki_rtr_pdu_print,https://github.com/the-tcpdump-group/tcpdump/commit/0c384810276380683e26709b932b3af5f3928ee0,https://github.com/the-tcpdump-group/tcpdump/commit/c4816fd0a190d25db1ef413fc91253e484b3a7c4,,4.9.0,4.9.1,4.9.2,4.9.3
tcpdump,CVE-2017-13051,print-rsvp.c,rsvp_obj_print,https://github.com/the-tcpdump-group/tcpdump/commit/c4816fd0a190d25db1ef413fc91253e484b3a7c4,https://github.com/the-tcpdump-group/tcpdump/commit/f18bb41c8e95477268467a48cd606c472873ddfc,,4.9.0,4.9.1,4.9.2,4.9.3
tcpdump,CVE-2017-13053,print-bgp.c,decode_rt_routing_info,https://github.com/the-tcpdump-group/tcpdump/commit/6b19892ea526f7e35999ab90a6734da8ff6b6111,https://github.com/the-tcpdump-group/tcpdump/commit/9cbd32e09644cb99aef5f2b817a70d4d1e38ad02,,4.9.0,4.9.1,4.9.2,4.9.3
tcpdump,CVE-2017-13054,print-lldp.c,lldp_private_8023_print,https://github.com/the-tcpdump-group/tcpdump/commit/9cbd32e09644cb99aef5f2b817a70d4d1e38ad02,https://github.com/the-tcpdump-group/tcpdump/commit/0c384810276380683e26709b932b3af5f3928ee0,,4.9.0,4.9.1,4.9.2,4.9.3
tcpdump,CVE-2017-13055,print-isoclns.c,isis_print_is_reach_subtlv,https://github.com/the-tcpdump-group/tcpdump/commit/71968ea3db996f70e4f3c01581231ce210c85720,https://github.com/the-tcpdump-group/tcpdump/commit/7a7f71ee3f77b8ac08f2f4f7747ce8b8fa5b91f9,,4.9.0,4.9.1,4.9.2,4.9.3
tcpdump,CVE-2017-13688,print-olsr.c,olsr_print,https://github.com/the-tcpdump-group/tcpdump/commit/3310a325c9768d293dd8b928c2422e44ea7b45be,https://github.com/the-tcpdump-group/tcpdump/commit/87e070fbed1c6da8126a4764785d1cd32aba2abf,,4.9.0,4.9.1,4.9.2,4.9.3
tcpdump,CVE-2017-13689,print-isakmp.c,ikev1_id_print,https://github.com/the-tcpdump-group/tcpdump/commit/b79317b08c723acc5490212fc529ece3edf4eb73,https://github.com/the-tcpdump-group/tcpdump/commit/3310a325c9768d293dd8b928c2422e44ea7b45be,,4.9.0,4.9.1,4.9.2,4.9.3
tcpdump,CVE-2017-13725,print-rt6.c,rt6_print,https://github.com/the-tcpdump-group/tcpdump/commit/cb6a1aca4c8b621f6c69ffb03205b52b1b785311,https://github.com/the-tcpdump-group/tcpdump/commit/67abbfb5c79407a68d845ee14a038ed7d69e1ad1,,4.9.0,4.9.1,4.9.2,4.9.3
libxml2,CVE-2017-15412,xpath.c,xmlXPathCompOpEvalPositionalPredicate,https://gitlab.gnome.org/GNOME/libxml2/-/commit/0f3b843b3534784ef57a4f9b874238aa1fda5a73,https://gitlab.gnome.org/GNOME/libxml2/-/commit/3157cf4e53c03bc3da604472c015c63141907db8,,v2.9.0,v2.9.9,v2.9.10,v2.9.14
libxml2,CVE-2017-7375,parser.c,xmlParsePEReference,https://gitlab.gnome.org/GNOME/libxml2/-/commit/90ccb58242866b0ba3edbef8fe44214a101c2b3e,https://gitlab.gnome.org/GNOME/libxml2/-/commit/5dca9eea1bd4263bfa4d037ab2443de1cd730f7e,,v2.9.0,v2.9.4,v2.9.5,v2.9.14
libxml2,CVE-2017-9048,valid.c,xmlSnprintfElementContent,https://gitlab.gnome.org/GNOME/libxml2/-/commit/932cc9896ab41475d4aa429c27d9afd175959d74,https://gitlab.gnome.org/GNOME/libxml2/-/commit/e26630548e7d138d2c560844c43820b6767251e3,,v2.9.0,v2.9.4,v2.9.5,v2.9.14
freetype,CVE-2017-7857,src/sfnt/sfobjs.c,sfnt_init_face,https://github.com/freetype/freetype/commit/7bbb91fbf47fc0775cc9705673caf0c47a81f94b,https://github.com/freetype/freetype/commit/7d7aae1de3e2aea5bad2e92b0f9d074bd5130ecd,,VER-2-6-3,VER-2-7-1,VER-2-8,VER-2-14-2
freetype,CVE-2017-7858,src/sfnt/sfobjs.c,sfnt_init_face,https://github.com/freetype/freetype/commit/779309744222a736eba0f1731e8162fce6288d4e,https://github.com/freetype/freetype/commit/27fee7f8c6ae75e066b5a23472b33925c6e8b1e0,,VER-2-6-3,VER-2-7-1,VER-2-8,VER-2-14-2
freetype,CVE-2017-7864,src/truetype/ttobjs.c,tt_size_reset,https://github.com/freetype/freetype/commit/e6699596af5c5d6f0ae0ea06e19df87dce088df8,https://github.com/freetype/freetype/commit/dadc50a4679c74ead5a283dd48a4164bc4a27cdd,,VER-2-6-3,VER-2-7-1,VER-2-8,VER-2-14-2
freetype,CVE-2017-8105,src/psaux/t1decode.c,t1_decoder_parse_charstrings,https://github.com/freetype/freetype/commit/f958c48ee431bef8d4d466b40c9cb2d4dbcb7791,https://github.com/freetype/freetype/commit/913f436d12dfe682c349eff8bf4cdd9065ff117d,,VER-2-6-3,VER-2-7-0,VER-2-7-1,VER-2-14-2
freetype,CVE-2017-8287,src/psaux/psobjs.c,t1_builder_close_contour,https://github.com/freetype/freetype/commit/3774fc08b502c3e685afca098b6e8a195aded6a0,https://github.com/freetype/freetype/commit/f958c48ee431bef8d4d466b40c9cb2d4dbcb7791,,VER-2-6-3,VER-2-7-0,VER-2-7-1,VER-2-14-2
expat,CVE-2017-9233,expat/lib/xmlparse.c,entityValueInitProcessor,https://github.com/libexpat/libexpat/commit/c4bf96bb51dd2a1b0e185374362ee136fe2c9d7f,https://github.com/libexpat/libexpat/commit/774ee6c15b8832ff567d2a32ca0e4926179e7f97,,2.2.0,2.2.0,2.2.1,2.2.9
openvpn,CVE-2017-7520,src/openvpn/ntlm.c,ntlm_phase_3,https://github.com/OpenVPN/openvpn/commit/043fe32787,https://github.com/OpenVPN/openvpn/commit/040084067119dd5a9e15eb3bcfc0079debaa3777,,v2.4.0,v2.4.2,v2.4.3,v2.4.12
openvpn,CVE-2017-7521,src/openvpn/ssl_verify_openssl.c,extract_x509_extension,https://github.com/OpenVPN/openvpn/commit/0400840671,https://github.com/OpenVPN/openvpn/commit/b72472baa5f228acf211542a7511f6960479f4c8,,v2.4.0,v2.4.2,v2.4.3,v2.4.12
openvpn,CVE-2017-7522,src/openvpn/ssl_verify_mbedtls.c,asn1_buf_to_c_string,https://github.com/OpenVPN/openvpn/commit/67edada0be,https://github.com/OpenVPN/openvpn/commit/df5efe7e2cd23b2282526f2c41be2063d941dff1,,v2.4.0,v2.4.2,v2.4.3,v2.4.12
openvpn,CVE-2017-12166,src/openvpn/crypto.c,read_key,https://github.com/OpenVPN/openvpn/commit/c7e259160b28e94e4ea7f0ef767f8134283af255,https://github.com/OpenVPN/openvpn/commit/1c112c38d46207905bff97969cf787baada59711,,v2.4.0,v2.4.3,v2.4.4,v2.4.12
openvpn,CVE-2020-15078,src/openvpn/push.c,process_incoming_push_request,https://github.com/OpenVPN/openvpn/commit/0e5516a9d656ce86f7fb370c824344ea1760c255,https://github.com/OpenVPN/openvpn/commit/a7263a125199c6d11710ecf50f9a07424369fdbc,,v2.4.0,v2.4.10,v2.4.11,v2.4.12
openvpn,CVE-2017-7508,src/openvpn/mss.c,"mss_fixup_ipv6, mss_fixup_dowork",https://github.com/OpenVPN/openvpn/commit/ed28cde3d8,https://github.com/OpenVPN/openvpn/commit/043fe327878eba75efa13794c9845f85c3c629f2,,v2.4.0,v2.4.2,v2.4.3,v2.4.12
openvpn,CVE-2017-7478,src/openvpn/ssl.c,tls_pre_decrypt,https://github.com/OpenVPN/openvpn/commit/66b99a0753,https://github.com/OpenVPN/openvpn/commit/9444506e45df86e6c8fbabfbf4a97c538cd971f4,,v2.4.0,v2.4.1,v2.4.3,v2.4.12
openvpn,CVE-2017-7479,"src/openvpn/crypto.c, src/openvpn/packet_id.c","openvpn_encrypt_aead, openvpn_encrypt_v1",https://github.com/OpenVPN/openvpn/commit/591a4e574c,https://github.com/OpenVPN/openvpn/commit/66b99a0753352c5cc43e11e39835b6423112df98,,v2.4.0,v2.4.1,v2.4.3,v2.4.12
